id,label,name,score,rank,studio
52991,Anime,Sousou no Frieren,9.32,1,[Madhouse]
5114,Anime,Fullmetal Alchemist: Brotherhood,9.1,2,[Bones]
9253,Anime,Steins;Gate,9.07,4,[White Fox]
38524,Anime,Shingeki no Kyojin Season 3 Part 2,9.05,5,[Wit Studio]
28977,Anime,Gintama°,9.05,6,[Bandai Namco Pictures]
39486,Anime,Gintama: The Final,9.04,7,[Bandai Namco Pictures]
9969,Anime,Gintama',9.03,8,[Sunrise]
11061,Anime,Hunter x Hunter (2011),9.03,9,[Madhouse]
15417,Anime,Gintama': Enchousen,9.02,10,[Sunrise]
41467,Anime,Bleach: Sennen Kessen-hen,9.0,12,[Pierrot]
43608,Anime,Kaguya-sama wa Kokurasetai: Ultra Romantic,8.99,13,[A-1 Pictures]
34096,Anime,Gintama.,8.98,14,[Bandai Namco Pictures]
56784,Anime,Bleach: Sennen Kessen-hen - Soukoku-tan,8.97,15,[Pierrot Films]
42938,Anime,Fruits Basket: The Final,8.96,16,[TMS Entertainment]
4181,Anime,Clannad: After Story,8.93,17,[Kyoto Animation]
918,Anime,Gintama,8.93,18,[Sunrise]
28851,Anime,Koe no Katachi,8.93,19,[Kyoto Animation]
35180,Anime,3-gatsu no Lion 2nd Season,8.91,20,[Shaft]
2904,Anime,Code Geass: Hangyaku no Lelouch R2,8.91,21,[Sunrise]
15335,Anime,Gintama Movie 2: Kanketsu-hen - Yorozuya yo Eien Nare,8.9,22,[Sunrise]
54492,Anime,Kusuriya no Hitorigoto,8.88,24,"[OLM, TOHO animation STUDIO]"
37491,Anime,Gintama. Shirogane no Tamashii-hen - Kouhan-sen,8.88,23,[Bandai Namco Pictures]
19,Anime,Monster,8.88,25,[Madhouse]
37987,Anime,Violet Evergarden Movie,8.85,28,[Kyoto Animation]
40682,Anime,Kingdom 3rd Season,8.83,30,"[Pierrot, Studio Signpost]"
32281,Anime,Kimi no Na wa.,8.83,29,[CoMix Wave Films]
49387,Anime,Vinland Saga Season 2,8.81,31,[MAPPA]
36838,Anime,Gintama. Shirogane no Tamashii-hen,8.81,32,[Bandai Namco Pictures]
37510,Anime,Mob Psycho 100 II,8.79,33,[Bones]
55690,Anime,Boku no Kokoro no Yabai Yatsu 2nd Season,8.78,36,[Shin-Ei Animation]
31758,Anime,Kizumonogatari III: Reiketsu-hen,8.78,35,[Shaft]
40028,Anime,Shingeki no Kyojin: The Final Season,8.78,37,[MAPPA]
51009,Anime,Jujutsu Kaisen 2nd Season,8.78,34,[MAPPA]
32935,Anime,Haikyuu!! Karasuno Koukou vs. Shiratorizawa Gakuen Koukou,8.77,39,[Production I.G]
263,Anime,Hajime no Ippo,8.77,40,[Madhouse]
199,Anime,Sen to Chihiro no Kamikakushi,8.77,38,[Studio Ghibli]
17074,Anime,Monogatari Series: Second Season,8.76,42,[Shaft]
47917,Anime,Bocchi the Rock!,8.76,41,[CloverWorks]
37521,Anime,Vinland Saga,8.76,44,[Wit Studio]
48583,Anime,Shingeki no Kyojin: The Final Season Part 2,8.76,43,[MAPPA]
54857,Anime,Re:Zero kara Hajimeru Isekai Seikatsu 3rd Season,8.75,47,[White Fox]
52198,Anime,Kaguya-sama wa Kokurasetai: First Kiss wa Owaranai,8.75,46,[A-1 Pictures]
1,Anime,Cowboy Bebop,8.75,45,[Sunrise]
45649,Anime,The First Slam Dunk,8.74,48,"[Toei Animation, DandeLion Animation Studio]"
53223,Anime,Kingdom 5th Season,8.73,52,"[Pierrot, Studio Signpost]"
2921,Anime,Ashita no Joe 2,8.73,49,[Tokyo Movie Shinsha]
50160,Anime,Kingdom 4th Season,8.73,51,"[Pierrot, Studio Signpost]"
21,Anime,One Piece,8.73,54,[Toei Animation]
47778,Anime,Kimetsu no Yaiba: Yuukaku-hen,8.73,50,[ufotable]
39894,Anime,Hibike! Euphonium 3,8.72,56,[Kyoto Animation]
24701,Anime,Mushishi Zoku Shou 2nd Season,8.72,57,[Artland]
58125,Anime,Look Back,8.71,58,[Studio DURIAN]
50172,Anime,Mob Psycho 100 III,8.71,59,[Bones]
48569,Anime,86 Part 2,8.71,60,[A-1 Pictures]
53998,Anime,Bleach: Sennen Kessen-hen - Ketsubetsu-tan,8.7,61,[Pierrot]
33095,Anime,Shouwa Genroku Rakugo Shinjuu: Sukeroku Futatabi-hen,8.7,63,[Studio Deen]
1575,Anime,Code Geass: Hangyaku no Lelouch,8.7,62,[Sunrise]
57334,Anime,Dandadan,8.69,67,[Science SARU]
55823,Anime,Natsume Yuujinchou Shichi,8.69,66,[Shuka]
21939,Anime,Mushishi Zoku Shou,8.69,65,[Artland]
33352,Anime,Violet Evergarden,8.68,70,[Kyoto Animation]
245,Anime,Great Teacher Onizuka,8.68,68,[Pierrot]
5258,Anime,Hajime no Ippo: New Challenger,8.67,71,[Madhouse]
431,Anime,Howl no Ugoku Shiro,8.67,72,[Studio Ghibli]
164,Anime,Mononoke Hime,8.66,74,[Studio Ghibli]
33050,Anime,Fate/stay night Movie: Heaven's Feel - III. Spring Song,8.65,75,[ufotable]
45576,Anime,Mushoku Tensei: Isekai Ittara Honki Dasu Part 2,8.65,77,[Studio Bind]
46102,Anime,Odd Taxi,8.65,77,"[OLM, P.I.C.S.]"
457,Anime,Mushishi,8.65,75,[Artland]
34599,Anime,Made in Abyss,8.64,79,[Kinema Citrus]
11665,Anime,Natsume Yuujinchou Shi,8.64,80,[Brain's Base]
23273,Anime,Shigatsu wa Kimi no Uso,8.64,81,[A-1 Pictures]
54898,Anime,Bungou Stray Dogs 5th Season,8.63,85,[Bones]
52742,Anime,Haikyuu!! Movie: Gomisuteba no Kessen,8.63,86,[Production I.G]
2001,Anime,Tengen Toppa Gurren Lagann,8.63,84,[Gainax]
35760,Anime,Shingeki no Kyojin Season 3,8.63,83,[Wit Studio]
40591,Anime,Kaguya-sama wa Kokurasetai? Tensai-tachi no Renai Zunousen,8.62,89,[A-1 Pictures]
22135,Anime,Ping Pong the Animation,8.62,91,[Tatsunoko Production]
1535,Anime,Death Note,8.62,87,[Madhouse]
28891,Anime,Haikyuu!! Second Season,8.62,88,[Production I.G]
41084,Anime,Made in Abyss: Retsujitsu no Ougonkyou,8.62,90,[Kinema Citrus]
55791,Anime,"""Oshi no Ko"" 2nd Season",8.61,94,[Doga Kobo]
52701,Anime,Dungeon Meshi,8.61,96,[Trigger]
34591,Anime,Natsume Yuujinchou Roku,8.61,93,[Shuka]
19647,Anime,Hajime no Ippo: Rising,8.61,97,"[Madhouse, MAPPA]"
36862,Anime,Made in Abyss Movie 3: Fukaki Tamashii no Reimei,8.61,92,[Kinema Citrus]
52034,Anime,"""Oshi no Ko""",8.6,98,[Doga Kobo]
7311,Anime,Suzumiya Haruhi no Shoushitsu,8.6,99,[Kyoto Animation]
4565,Anime,Tengen Toppa Gurren Lagann Movie 2: Lagann-hen,8.59,102,[Gainax]
38329,Anime,Seishun Buta Yarou wa Yumemiru Shoujo no Yume wo Minai,8.59,100,[CloverWorks]
3786,Anime,Shin Evangelion Movie:||,8.59,101,[Khara]
33,Anime,Kenpuu Denki Berserk,8.59,103,[OLM]
37991,Anime,JoJo no Kimyou na Bouken Part 5: Ougon no Kaze,8.58,104,[David Production]
28957,Anime,Mushishi Zoku Shou: Suzu no Shizuku,8.58,105,[Artland]
10379,Anime,Natsume Yuujinchou San,8.57,108,[Brain's Base]
40748,Anime,Jujutsu Kaisen,8.57,106,[MAPPA]
40456,Anime,Kimetsu no Yaiba Movie: Mugen Ressha-hen,8.57,107,[ufotable]
32983,Anime,Natsume Yuujinchou Go,8.56,112,[Shuka]
31757,Anime,Kizumonogatari II: Nekketsu-hen,8.56,110,[Shaft]
12355,Anime,Ookami Kodomo no Ame to Yuki,8.56,113,[Studio Chizu]
877,Anime,Nana,8.56,111,[Madhouse]
28735,Anime,Shouwa Genroku Rakugo Shinjuu,8.55,119,[Studio Deen]
36098,Anime,Kimi no Suizou wo Tabetai,8.55,114,[Studio VOLN]
16498,Anime,Shingeki no Kyojin,8.55,117,[Wit Studio]
7785,Anime,Yojouhan Shinwa Taikei,8.55,120,[Madhouse]
437,Anime,Perfect Blue,8.55,115,[Madhouse]
170,Anime,Slam Dunk,8.55,120,[Toei Animation]
40776,Anime,Haikyuu!! To the Top Part 2,8.55,121,[Production I.G]
32,Anime,"Shinseiki Evangelion Movie: Air/Magokoro wo, Kimi ni",8.55,117,"[Gainax, Production I.G]"
30484,Anime,Steins;Gate 0,8.54,122,[White Fox]
11741,Anime,Fate/Zero 2nd Season,8.54,123,[ufotable]
40417,Anime,Fruits Basket 2nd Season,8.54,123,[TMS Entertainment]
5300,Anime,Zoku Natsume Yuujinchou,8.53,128,[Brain's Base]
25777,Anime,Shingeki no Kyojin Season 2,8.52,129,[Wit Studio]
35843,Anime,Gintama. Porori-hen,8.52,133,[Bandai Namco Pictures]
7472,Anime,Gintama Movie 1: Shinyaku Benizakura-hen,8.52,132,[Sunrise]
40664,Anime,Shoujo☆Kageki Revue Starlight Movie,8.52,130,[Kinema Citrus]
578,Anime,Hotaru no Haka,8.52,134,[Studio Ghibli]
12365,Anime,Bakuman. 3rd Season,8.52,131,[J.C.Staff]
38474,Anime,Yuru Camp△ Season 2,8.51,139,[C-Station]
35839,Anime,Sora yori mo Tooi Basho,8.51,135,[Madhouse]
4282,Anime,Kara no Kyoukai Movie 5: Mujun Rasen,8.51,137,[ufotable]
801,Anime,Koukaku Kidoutai: Stand Alone Complex 2nd GIG,8.51,138,[Production I.G]
205,Anime,Samurai Champloo,8.51,139,[Manglobe]
31933,Anime,JoJo no Kimyou na Bouken Part 4: Diamond wa Kudakenai,8.5,140,[David Production]
40834,Anime,Ousama Ranking,8.5,141,[Wit Studio]
11981,Anime,Mahou Shoujo Madoka★Magica Movie 3: Hangyaku no Monogatari,8.49,143,[Shaft]
32182,Anime,Mob Psycho 100,8.49,144,[Bones]
30276,Anime,One Punch Man,8.49,145,[Madhouse]
37779,Anime,Yakusoku no Neverland,8.48,150,[CloverWorks]
12431,Anime,Uchuu Kyoudai,8.48,149,[A-1 Pictures]
30654,Anime,Ansatsu Kyoushitsu 2nd Season,8.48,146,[Lerche]
3297,Anime,Aria the Origination,8.48,147,[HAL Film Maker]
50265,Anime,Spy x Family,8.48,148,"[Wit Studio, CloverWorks]"
33049,Anime,Fate/stay night Movie: Heaven's Feel - II. Lost Butterfly,8.47,154,[ufotable]
44511,Anime,Chainsaw Man,8.47,153,[MAPPA]
47194,Anime,Summertime Render,8.47,151,[OLM]
10165,Anime,Nichijou,8.47,152,[Kyoto Animation]
36649,Anime,Banana Fish,8.46,155,[MAPPA]
6114,Anime,Rainbow: Nisha Rokubou no Shichinin,8.46,162,[Madhouse]
392,Anime,Yuu☆Yuu☆Hakusho,8.46,158,[Pierrot]
37379,Anime,Chihayafuru 3,8.46,156,[Madhouse]
31181,Anime,Owarimonogatari,8.45,164,[Shaft]
11577,Anime,Steins;Gate Movie: Fuka Ryouiki no Déjà vu,8.45,165,[White Fox]
38000,Anime,Kimetsu no Yaiba,8.45,163,[ufotable]
57647,Anime,Uma Musume: Pretty Derby - Shin Jidai no Tobira,8.44,166,[CygamesPictures]
55888,Anime,Mushoku Tensei II: Isekai Ittara Honki Dasu Part 2,8.44,172,[Studio Bind]
36999,Anime,Zoku Owarimonogatari,8.44,167,[Shaft]
26055,Anime,JoJo no Kimyou na Bouken Part 3: Stardust Crusaders - Egypt-hen,8.44,171,[David Production]
37105,Anime,Grand Blue,8.44,169,[Zero-G]
49722,Anime,Karakai Jouzu no Takagi-san Movie,8.44,172,[Shin-Ei Animation]
20583,Anime,Haikyuu!!,8.44,170,[Production I.G]
42203,Anime,Re:Zero kara Hajimeru Isekai Seikatsu 2nd Season Part 2,8.43,175,[White Fox]
50330,Anime,Bungou Stray Dogs 4th Season,8.43,176,[Bones]
40059,Anime,Golden Kamuy 3rd Season,8.43,177,[Geno Studio]
36538,Anime,Natsume Yuujinchou Movie: Utsusemi ni Musubu,8.42,187,[Shuka]
38889,Anime,Kono Oto Tomare! Part 2,8.42,181,[Platinum Vision]
21899,Anime,Gintama: Yorinuki Gintama-san on Theater 2D,8.42,178,[Sunrise]
48561,Anime,Jujutsu Kaisen 0 Movie,8.42,182,[MAPPA]
2246,Anime,Mononoke,8.42,186,[Toei Animation]
467,Anime,Koukaku Kidoutai: Stand Alone Complex,8.42,185,[Production I.G]
36885,Anime,Saenai Heroine no Sodatekata Fine,8.42,188,[CloverWorks]
38040,Anime,Kono Subarashii Sekai ni Shukufuku wo! Movie: Kurenai Densetsu,8.42,184,[J.C.Staff]
136,Anime,Hunter x Hunter,8.42,179,[Nippon Animation]
33255,Anime,Saiki Kusuo no Ψ-nan,8.41,189,"[J.C.Staff, Egg Firm]"
34612,Anime,Saiki Kusuo no Ψ-nan 2,8.41,190,"[J.C.Staff, Egg Firm]"
39741,Anime,Violet Evergarden Gaiden: Eien to Jidou Shuki Ningyou,8.41,192,[Kyoto Animation]
37999,Anime,Kaguya-sama wa Kokurasetai: Tensai-tachi no Renai Zunousen,8.4,193,[A-1 Pictures]
55102,Anime,Girls Band Cry,8.39,200,[Toei Animation]
35851,Anime,Sayonara no Asa ni Yakusoku no Hana wo Kazarou,8.39,198,[P.A. Works]
35557,Anime,Houseki no Kuni,8.39,201,[Orange]
5028,Anime,Major S5,8.39,197,[SynergySP]
46095,Anime,Vivy: Fluorite Eye's Song,8.39,202,[Wit Studio]
50183,Anime,Blue Giant,8.39,199,[Nut]
49721,Anime,Karakai Jouzu no Takagi-san 3,8.39,196,[Shin-Ei Animation]
38475,Anime,Yuru Camp△ Movie,8.39,203,[C-Station]
37515,Anime,Made in Abyss Movie 2: Hourou Suru Tasogare,8.38,206,[Kinema Citrus]
4921,Anime,Ramayana: The Legend of Prince Rama,8.38,207,[Nippon Ramayana Film Co.]
37965,Anime,Kaze ga Tsuyoku Fuiteiru,8.38,205,[Production I.G]
40787,Anime,Josee to Tora to Sakana-tachi,8.38,204,[Bones]
49310,Anime,Fruits Basket: Prelude,8.38,210,[TMS Entertainment]
14397,Anime,Chihayafuru 2,8.38,208,[Madhouse]
5,Anime,Cowboy Bebop: Tengoku no Tobira,8.38,209,[Bones]
5205,Anime,Kara no Kyoukai Movie 7: Satsujin Kousatsu (Go),8.37,216,[ufotable]
5941,Anime,Cross Game,8.37,214,[SynergySP]
31646,Anime,3-gatsu no Lion,8.37,212,[Shaft]
11979,Anime,Mahou Shoujo Madoka★Magica Movie 2: Eien no Monogatari,8.37,219,[Shaft]
9756,Anime,Mahou Shoujo Madoka★Magica,8.37,218,[Shaft]
49458,Anime,Kono Subarashii Sekai ni Shukufuku wo! 3,8.37,217,[Drive]
38883,Anime,Haikyuu!! To the Top,8.37,215,[Production I.G]
22789,Anime,Barakamon,8.37,213,[Kinema Citrus]
9260,Anime,Kizumonogatari I: Tekketsu-hen,8.36,220,[Shaft]
39808,Anime,Non Non Biyori Nonstop,8.36,222,[SILVER LINK.]
39535,Anime,Mushoku Tensei: Isekai Ittara Honki Dasu,8.36,221,[Studio Bind]
39551,Anime,Tensei shitara Slime Datta Ken 2nd Season,8.36,223,[8bit]
53540,Anime,Meitantei Conan Movie 26: Kurogane no Submarine,8.35,230,[TMS Entertainment]
9617,Anime,K-On! Movie,8.35,227,[Kyoto Animation]
39167,Anime,Girls & Panzer: Saishuushou Part 4,8.35,233,[Actas]
39547,Anime,Yahari Ore no Seishun Love Comedy wa Machigatteiru. Kan,8.35,226,[feel.]
572,Anime,Kaze no Tani no Nausicaä,8.35,228,[Topcraft]
2251,Anime,Baccano!,8.35,231,[Brain's Base]
185,Anime,Initial D First Stage,8.35,235,"[Gallop, Studio Comet]"
49926,Anime,Kimetsu no Yaiba: Mugen Ressha-hen,8.35,229,[ufotable]
30,Anime,Shinseiki Evangelion,8.35,224,"[Gainax, Tatsunoko Production]"
60108,Anime,One Piece: Gyojin Tou-hen,8.34,242,[Toei Animation]
41025,Anime,Fumetsu no Anata e,8.34,237,[Brain's Base]
46654,Anime,IDOLiSH7 Third Beat! Part 2,8.34,238,[TROYCA]
338,Anime,Versailles no Bara,8.34,239,[Tokyo Movie Shinsha]
10030,Anime,Bakuman. 2nd Season,8.34,236,[J.C.Staff]
39587,Anime,Re:Zero kara Hajimeru Isekai Seikatsu 2nd Season,8.33,247,[White Fox]
31988,Anime,Hibike! Euphonium 2,8.33,250,[Kyoto Animation]
22535,Anime,Kiseijuu: Sei no Kakuritsu,8.33,244,[Madhouse]
13601,Anime,Psycho-Pass,8.33,246,[Production I.G]
10162,Anime,Usagi Drop,8.33,250,[Production I.G]
57181,Anime,Ao no Hako,8.32,257,[Telecom Animation Film]
55644,Anime,Dr. Stone: New World Part 2,8.32,260,[TMS Entertainment]
54595,Anime,Kage no Jitsuryokusha ni Naritakute! 2nd Season,8.32,254,[Nexus]
28701,Anime,Fate/stay night: Unlimited Blade Works 2nd Season,8.32,261,[ufotable]
5040,Anime,One Outs,8.32,256,[Madhouse]
2402,Anime,Ashita no Joe,8.32,258,[Mushi Production]
5081,Anime,Bakemonogatari,8.32,259,[Shaft]
41457,Anime,86,8.32,257,[A-1 Pictures]
54870,Anime,Seishun Buta Yarou wa Randoseru Girl no Yume wo Minai,8.31,265,[CloverWorks]
51805,Anime,Ginga Eiyuu Densetsu: Die Neue These - Sakubou,8.31,263,[Production I.G]
51440,Anime,Sasaki to Miyano Movie: Sotsugyou-hen,8.31,271,[Studio Deen]
7655,Anime,Major S6,8.31,267,[SynergySP]
2559,Anime,Romeo no Aoi Sora,8.31,270,[Nippon Animation]
41487,Anime,Tensei shitara Slime Datta Ken 2nd Season Part 2,8.31,266,[8bit]
1210,Anime,NHK ni Youkoso!,8.31,269,[Gonzo]
42886,Anime,Ginga Eiyuu Densetsu: Die Neue These - Gekitotsu,8.31,262,[Production I.G]
52588,Anime,Kaijuu 8-gou,8.3,272,[Production I.G]
17389,Anime,Kingdom 2nd Season,8.3,275,[Pierrot]
5420,Anime,Kemono no Souja Erin,8.3,274,"[Production I.G, Trans Arts]"
5341,Anime,Ookami to Koushinryou II,8.3,278,"[Brain's Base, Marvy Jack]"
40211,Anime,Luo Xiao Hei Zhan Ji (Movie),8.3,276,[HMCH]
4081,Anime,Natsume Yuujinchou,8.3,277,[Brain's Base]
30230,Anime,Diamond no Ace: Second Season,8.3,280,"[Production I.G, Madhouse]"
3784,Anime,Evangelion Movie 2: Ha,8.3,281,[Khara]
6594,Anime,Katanagatari,8.3,273,[White Fox]
31043,Anime,Boku dake ga Inai Machi,8.3,279,[A-1 Pictures]
39533,Anime,Given,8.3,282,[Lerche]
52215,Anime,Chi. Chikyuu no Undou ni Tsuite,8.29,285,[Madhouse]
24415,Anime,Kuroko no Basket 3rd Season,8.29,287,[Production I.G]
22507,Anime,Initial D Final Stage,8.29,286,[SynergySP]
12531,Anime,Sakamichi no Apollon,8.29,289,"[Tezuka Productions, MAPPA]"
1365,Anime,Meitantei Conan Movie 06: Baker Street no Bourei,8.29,288,[TMS Entertainment]
57,Anime,Beck,8.29,284,[Madhouse]
9989,Anime,Ano Hi Mita Hana no Namae wo Bokutachi wa Mada Shiranai.,8.29,283,[A-1 Pictures]
36371,Anime,Ginga Eiyuu Densetsu: Die Neue These - Seiran 3,8.28,295,[Production I.G]
6675,Anime,Redline,8.28,299,[Madhouse]
30346,Anime,Doukyuusei,8.28,294,[A-1 Pictures]
759,Anime,Tokyo Godfathers,8.28,292,[Madhouse]
486,Anime,Kino no Tabi: The Beautiful World,8.28,297,[A.C.G.T.]
45,Anime,Rurouni Kenshin: Meiji Kenkaku Romantan,8.28,300,"[Gallop, Studio Deen]"
43325,Anime,Yuukoku no Moriarty Part 2,8.28,293,[Production I.G]
52299,Anime,Ore dake Level Up na Ken,8.27,304,[A-1 Pictures]
38731,Anime,Diamond no Ace: Act II,8.27,309,[Madhouse]
19363,Anime,Gin no Saji 2nd Season,8.27,313,[A-1 Pictures]
34798,Anime,Yuru Camp△,8.27,308,[C-Station]
25835,Anime,Shirobako,8.27,305,[P.A. Works]
48316,Anime,Kage no Jitsuryokusha ni Naritakute!,8.27,301,[Nexus]
10534,Anime,Doraemon Movie 31: Shin Nobita to Tetsujin Heidan - Habatake Tenshi-tachi,8.27,310,[Shin-Ei Animation]
38691,Anime,Dr. Stone,8.27,311,[TMS Entertainment]
50594,Anime,Suzume no Tojimari,8.27,306,[CoMix Wave Films]
10087,Anime,Fate/Zero,8.27,312,[ufotable]
43,Anime,Koukaku Kidoutai,8.27,302,[Production I.G]
1735,Anime,Naruto: Shippuuden,8.27,303,[Pierrot]
10408,Anime,Hotarubi no Mori e,8.27,314,[Brain's Base]
38826,Anime,Tenki no Ko,8.27,307,[CoMix Wave Films]
23327,Anime,Space☆Dandy 2nd Season,8.26,318,[Bones]
1698,Anime,Nodame Cantabile,8.26,317,[J.C.Staff]
3002,Anime,Gyakkyou Burai Kaiji: Ultimate Survivor,8.26,315,[Madhouse]
513,Anime,Tenkuu no Shiro Laputa,8.26,321,[Studio Ghibli]
2150,Anime,Tanoshii Muumin Ikka,8.26,320,[Telescreen]
37520,Anime,Dororo,8.25,328,"[Tezuka Productions, MAPPA]"
13125,Anime,Shinsekai yori,8.25,323,[A-1 Pictures]
2418,Anime,Stranger: Mukou Hadan,8.25,324,[Bones]
44940,Anime,World Trigger 3rd Season,8.25,326,[Toei Animation]
32937,Anime,Kono Subarashii Sekai ni Shukufuku wo! 2,8.25,330,[Studio Deen]
523,Anime,Tonari no Totoro,8.25,325,[Studio Ghibli]
49918,Anime,Boku no Hero Academia 6th Season,8.25,327,[Bones]
31812,Anime,Kuroshitsuji Movie: Book of the Atlantic,8.25,331,[A-1 Pictures]
329,Anime,Planetes,8.25,332,[Sunrise]
53111,Anime,Dungeon ni Deai wo Motomeru no wa Machigatteiru Darou ka IV: Shin Shou - Yakusai-hen,8.24,339,[J.C.Staff]
52578,Anime,Boku no Kokoro no Yabai Yatsu,8.24,337,[Shin-Ei Animation]
37989,Anime,Golden Kamuy 2nd Season,8.24,340,[Geno Studio]
35111,Anime,Haikyuu!! Movie 4: Concept no Tatakai,8.24,342,[Production I.G]
10271,Anime,Gyakkyou Burai Kaiji: Hakairoku-hen,8.24,341,[Madhouse]
36990,Anime,Non Non Biyori Movie: Vacation,8.24,335,[SILVER LINK.]
1033,Anime,Sennen Joyuu,8.24,336,[Madhouse]
39247,Anime,Kobayashi-san Chi no Maid Dragon S,8.24,333,[Kyoto Animation]
51179,Anime,Mushoku Tensei II: Isekai Ittara Honki Dasu,8.23,350,[Studio Bind]
37055,Anime,Youjo Senki Movie,8.23,354,[Nut]
25681,Anime,Kamisama Hajimemashita◎,8.23,347,[TMS Entertainment]
28805,Anime,Bakemono no Ko,8.23,344,[Studio Chizu]
33051,Anime,Kidou Senshi Gundam: Tekketsu no Orphans 2nd Season,8.23,348,[Sunrise]
11843,Anime,Danshi Koukousei no Nichijou,8.23,345,[Sunrise]
37450,Anime,Seishun Buta Yarou wa Bunny Girl Senpai no Yume wo Minai,8.23,352,[CloverWorks]
512,Anime,Majo no Takkyuubin,8.23,349,[Studio Ghibli]
50602,Anime,Spy x Family Part 2,8.23,353,"[Wit Studio, CloverWorks]"
45577,Anime,IDOLiSH7 Third Beat!,8.23,346,[TROYCA]
31240,Anime,Re:Zero kara Hajimeru Isekai Seikatsu,8.23,351,[White Fox]
55866,Anime,Yubisaki to Renren,8.22,360,[Ajia-do]
55357,Anime,Bocchi the Rock! Movie,8.22,361,[CloverWorks]
35677,Anime,Liz to Aoi Tori,8.22,363,[Kyoto Animation]
15227,Anime,Kono Sekai no Katasumi ni,8.22,363,[MAPPA]
5690,Anime,Nodame Cantabile Finale,8.22,366,[J.C.Staff]
11977,Anime,Mahou Shoujo Madoka★Magica Movie 1: Hajimari no Monogatari,8.22,365,[Shaft]
49596,Anime,Blue Lock,8.22,361,[8bit]
585,Anime,Mimi wo Sumaseba,8.22,365,[Studio Ghibli]
440,Anime,Shoujo Kakumei Utena,8.22,356,[J.C.Staff]
6,Anime,Trigun,8.22,357,[Madhouse]
35838,Anime,Shoujo Shuumatsu Ryokou,8.22,356,[White Fox]
54959,Anime,BanG Dream! It's MyGO!!!!!,8.21,376,[SANZIGEN]
53393,Anime,Tengoku Daimakyou,8.21,375,[Production I.G]
12115,Anime,Berserk: Ougon Jidai-hen III - Kourin,8.21,377,[Studio 4°C]
2966,Anime,Ookami to Koushinryou,8.21,371,[Imagin]
627,Anime,Major S1,8.21,369,[Studio Hibari]
38680,Anime,Fruits Basket 1st Season,8.21,379,[TMS Entertainment]
1842,Anime,Major S3,8.21,370,[Studio Hibari]
9863,Anime,SKET Dance,8.21,373,[Tatsunoko Production]
18115,Anime,Magi: The Kingdom of Magic,8.21,368,[A-1 Pictures]
16664,Anime,Kaguya-hime no Monogatari,8.21,367,[Studio Ghibli]
372,Anime,Cardcaptor Sakura Movie 2: Fuuin Sareta Card,8.21,378,[Madhouse]
44055,Anime,Sasaki to Miyano,8.21,373,[Studio Deen]
38003,Anime,Bungou Stray Dogs 3rd Season,8.2,380,[Bones]
5460,Anime,Meitantei Conan Movie 13: Shikkoku no Chaser,8.2,387,"[Tokyo Movie Shinsha, TMS Entertainment]"
23847,Anime,Yahari Ore no Seishun Love Comedy wa Machigatteiru. Zoku,8.2,393,[feel.]
6811,Anime,InuYasha: Kanketsu-hen,8.2,384,[Sunrise]
16894,Anime,Kuroko no Basket 2nd Season,8.2,386,[Production I.G]
3091,Anime,xxxHOLiC◆Kei,8.2,392,[Production I.G]
32843,Anime,Senki Zesshou Symphogear XV,8.2,391,[Satelight]
40052,Anime,Great Pretender,8.2,382,[Wit Studio]
51019,Anime,Kimetsu no Yaiba: Katanakaji no Sato-hen,8.2,385,[ufotable]
42897,Anime,Horimiya,8.2,383,[CloverWorks]
57524,Anime,Make Heroine ga Oosugiru!,8.19,401,[A-1 Pictures]
37171,Anime,Asobi Asobase,8.19,395,[Lerche]
1453,Anime,Maison Ikkoku,8.19,400,[Studio Deen]
1142,Anime,Hachimitsu to Clover II,8.19,399,[J.C.Staff]
813,Anime,Dragon Ball Z,8.19,397,[Toei Animation]
36946,Anime,Dragon Ball Super: Broly,8.19,396,[Toei Animation]
38234,Anime,One Piece Movie 14: Stampede,8.19,403,[Toei Animation]
49114,Anime,Vanitas no Karte Part 2,8.19,394,[Bones]
35110,Anime,Haikyuu!! Movie 3: Sainou to Sense,8.18,421,[Production I.G]
34537,Anime,Yoru wa Mijikashi Arukeyo Otome,8.18,415,[Science SARU]
18617,Anime,Girls & Panzer Movie,8.18,420,[Actas]
10800,Anime,Chihayafuru,8.18,418,[Madhouse]
22297,Anime,Fate/stay night: Unlimited Blade Works,8.18,419,[ufotable]
32005,Anime,Meitantei Conan Movie 20: Junkoku no Nightmare,8.18,407,[TMS Entertainment]
40729,Anime,Nomad: Megalo Box 2,8.18,408,[TMS Entertainment]
40853,Anime,Stand By Me Doraemon 2,8.18,410,"[Shirogumi, Shin-Ei Animation]"
3226,Anime,Major S4,8.18,406,[SynergySP]
558,Anime,Major S2,8.18,405,[Studio Hibari]
186,Anime,Initial D Second Stage,8.18,423,[Pastel]
23623,Anime,Non Non Biyori Repeat,8.18,409,[SILVER LINK.]
34636,Anime,Ballroom e Youkoso,8.18,416,[Production I.G]
36370,Anime,Ginga Eiyuu Densetsu: Die Neue These - Seiran 2,8.17,430,[Production I.G]
7791,Anime,K-On!!,8.17,434,[Kyoto Animation]
32867,Anime,Bungou Stray Dogs 2nd Season,8.17,427,[Bones]
33674,Anime,No Game No Life: Zero,8.17,439,[Madhouse]
37514,Anime,Made in Abyss Movie 1: Tabidachi no Yoake,8.17,437,[Kinema Citrus]
39166,Anime,Girls & Panzer: Saishuushou Part 3,8.17,431,[Actas]
18195,Anime,Little Busters! Refrain,8.17,436,[J.C.Staff]
7674,Anime,Bakuman.,8.17,425,[J.C.Staff]
38088,Anime,Digimon Adventure: Last Evolution Kizuna,8.17,429,[Yumeta Company]
1519,Anime,Black Lagoon: The Second Barrage,8.17,426,[Madhouse]
40911,Anime,Yuukoku no Moriarty,8.17,440,[Production I.G]
49052,Anime,Ao Ashi,8.17,424,[Production I.G]
18,Anime,Initial D Fourth Stage,8.17,433,[A.C.G.T.]
235,Anime,Meitantei Conan,8.17,438,[TMS Entertainment]
232,Anime,Cardcaptor Sakura,8.17,428,[Madhouse]
54856,Anime,Horimiya: Piece,8.16,449,[CloverWorks]
4107,Anime,Tengen Toppa Gurren Lagann Movie 1: Gurren-hen,8.16,442,[Gainax]
25537,Anime,Fate/stay night Movie: Heaven's Feel - I. Presage Flower,8.16,447,[ufotable]
962,Anime,Aria the Natural,8.16,445,[HAL Film Maker]
853,Anime,Ouran Koukou Host Club,8.16,453,[Bones]
1889,Anime,Higurashi no Naku Koro ni Kai,8.16,448,[Studio Deen]
42894,Anime,Natsume Yuujinchou: Ishi Okoshi to Ayashiki Raihousha,8.16,452,[Shuka]
40852,Anime,Dr. Stone: Stone Wars,8.16,446,[TMS Entertainment]
50709,Anime,Lycoris Recoil,8.16,451,[A-1 Pictures]
47,Anime,Akira,8.16,444,[Tokyo Movie Shinsha]
48736,Anime,Sono Bisque Doll wa Koi wo Suru,8.16,441,[CloverWorks]
53888,Anime,Spy x Family Movie: Code: White,8.15,456,"[Wit Studio, CloverWorks]"
38481,Anime,Toaru Kagaku no Railgun T,8.15,457,[J.C.Staff]
1430,Anime,Lupin III: Cagliostro no Shiro,8.15,454,"[Tokyo Movie Shinsha, Telecom Animation Film]"
41361,Anime,Eiga Daisuki Pompo-san,8.15,460,[CLAP]
48549,Anime,Dr. Stone: New World,8.15,458,[TMS Entertainment]
56738,Anime,Shinigami Bocchan to Kuro Maid 3rd Season,8.14,467,[J.C.Staff]
28675,Anime,Kyoukai no Kanata Movie 2: I'll Be Here - Mirai-hen,8.14,465,[Kyoto Animation]
39592,Anime,Kidou Senshi Gundam: The Origin - Zenya Akai Suisei,8.14,464,[Sunrise]
3701,Anime,Kaiba,8.14,463,[Madhouse]
30503,Anime,Noragami Aragoto,8.14,467,[Bones]
28223,Anime,Death Parade,8.14,462,[Madhouse]
34572,Anime,Black Clover,8.14,461,[Pierrot]
37430,Anime,Tensei shitara Slime Datta Ken,8.14,469,[8bit]
59145,Anime,Ranma ½ (2024),8.13,483,[MAPPA]
58572,Anime,"Shangri-La Frontier: Kusoge Hunter, Kamige ni Idoman to su 2nd Season",8.13,471,[C2C]
55701,Anime,Kimetsu no Yaiba: Hashira Geiko-hen,8.13,477,[ufotable]
37962,Anime,IDOLiSH7 Second Beat!,8.13,475,[TROYCA]
39792,Anime,Eizouken ni wa Te wo Dasu na!,8.13,472,[Science SARU]
4477,Anime,Nodame Cantabile: Paris-hen,8.13,481,[J.C.Staff]
35857,Anime,Lupin III: Part 5,8.13,479,[Telecom Animation Film]
731,Anime,Interstella5555: The 5tory of The 5ecret 5tar 5ystem,8.13,477,[Toei Animation]
721,Anime,Princess Tutu,8.13,482,[HAL Film Maker]
11597,Anime,Nisemonogatari,8.13,479,[Shaft]
28171,Anime,Shokugeki no Souma,8.13,471,[J.C.Staff]
36296,Anime,Hinamatsuri,8.12,494,[feel.]
16662,Anime,Kaze Tachinu,8.12,485,[Studio Ghibli]
40421,Anime,Given Movie 1,8.12,492,[Lerche]
1827,Anime,Seirei no Moribito,8.12,487,[Production I.G]
1604,Anime,Katekyou Hitman Reborn!,8.12,484,[Artland]
50380,Anime,Paripi Koumei,8.12,485,[P.A. Works]
239,Anime,Gankutsuou,8.12,490,[Gonzo]
50416,Anime,Skip to Loafer,8.12,489,[P.A. Works]
50528,Anime,Golden Kamuy 4th Season,8.12,493,[Brain's Base]
54650,Anime,Precure All Stars Movie F,8.11,507,[Toei Animation]
53411,Anime,Buddy Daddies,8.11,495,[P.A. Works]
10153,Anime,Mahou Shoujo Lyrical Nanoha: The Movie 2nd A's,8.11,502,[Seven Arcs]
20899,Anime,JoJo no Kimyou na Bouken Part 3: Stardust Crusaders,8.11,499,[David Production]
6467,Anime,Meitantei Conan Movie 14: Tenkuu no Lost Ship,8.11,504,"[Tokyo Movie Shinsha, TMS Entertainment]"
14713,Anime,Kamisama Hajimemashita,8.11,500,[TMS Entertainment]
8129,Anime,Kuragehime,8.11,501,[Brain's Base]
21469,Anime,Stand By Me Doraemon,8.11,509,"[Shirogumi, Shin-Ei Animation]"
18689,Anime,Diamond no Ace,8.11,496,"[Production I.G, Madhouse]"
15059,Anime,Initial D Fifth Stage,8.11,498,[SynergySP]
12859,Anime,One Piece Film: Z,8.11,505,[Toei Animation]
121,Anime,Fullmetal Alchemist,8.11,497,[Bones]
1364,Anime,Meitantei Conan Movie 05: Tengoku e no Countdown,8.11,503,[TMS Entertainment]
29831,Anime,Tamayura: Sotsugyou Shashin Part 4 - Ashita,8.1,510,[TYO Animations]
30831,Anime,Kono Subarashii Sekai ni Shukufuku wo!,8.1,517,[Studio Deen]
2581,Anime,Kidou Senshi Gundam 00,8.1,516,[Sunrise]
51122,Anime,Ookami to Koushinryou: Merchant Meets the Wise Wolf,8.1,520,[Passione]
2236,Anime,Toki wo Kakeru Shoujo,8.1,511,[Madhouse]
35608,Anime,Chuunibyou demo Koi ga Shitai! Movie: Take On Me,8.1,513,[Kyoto Animation]
52826,Anime,Tsurune: Tsunagari no Issha,8.09,527,[Kyoto Animation]
6746,Anime,Durarara!!,8.09,530,[Brain's Base]
16918,Anime,Gin no Saji,8.09,531,[A-1 Pictures]
40815,Anime,Honzuki no Gekokujou: Shisho ni Naru Tame ni wa Shudan wo Erandeiraremasen 2nd Season,8.09,533,[Ajia-do]
46569,Anime,Jigokuraku,8.09,522,[MAPPA]
339,Anime,Serial Experiments Lain,8.09,526,[Triangle Staff]
302,Anime,Mirai Shounen Conan,8.09,525,[Nippon Animation]
51096,Anime,Youkoso Jitsuryoku Shijou Shugi no Kyoushitsu e 2nd Season,8.09,528,[Lerche]
30364,Anime,Haikyuu!! Movie 2: Shousha to Haisha,8.08,540,[Production I.G]
3016,Anime,Ginga Eiyuu Densetsu: Arata naru Tatakai no Overture,8.08,537,[Kitty Film Mitaka Studio]
23283,Anime,Zankyou no Terror,8.08,545,[MAPPA]
49709,Anime,Fumetsu no Anata e Season 2,8.08,536,[Drive]
50587,Anime,Gridman Universe,8.08,539,[Trigger]
24833,Anime,Ansatsu Kyoushitsu,8.08,534,[Lerche]
59841,Anime,Ore dake Level Up na Ken: ReAwakening,8.07,557,[A-1 Pictures]
56980,Anime,Karasu wa Aruji wo Erabanai,8.07,554,[Pierrot]
55911,Anime,The Fable,8.07,549,[Tezuka Productions]
54789,Anime,Boku no Hero Academia 7th Season,8.07,560,[Bones]
52347,Anime,"Shangri-La Frontier: Kusoge Hunter, Kamige ni Idoman to su",8.07,546,[C2C]
31658,Anime,Kuroko no Basket Movie 4: Last Game,8.07,557,[Production I.G]
40080,Anime,Quanzhi Gaoshou: Dianfeng Rongyao,8.07,560,[Colored Pencil Animation]
33486,Anime,Boku no Hero Academia 2nd Season,8.07,560,[Bones]
4722,Anime,Skip Beat!,8.07,548,[HAL Film Maker]
3927,Anime,Kidou Senshi Gundam 00 Second Season,8.07,554,[Sunrise]
38081,Anime,Girls & Panzer: Saishuushou Part 2,8.07,563,[Actas]
42429,Anime,Honzuki no Gekokujou: Shisho ni Naru Tame ni wa Shudan wo Erandeiraremasen 3rd Season,8.07,565,[Ajia-do]
39198,Anime,Kanata no Astra,8.07,553,[Lerche]
50796,Anime,Kimi wa Houkago Insomnia,8.07,556,[LIDENFILMS]
48895,Anime,Overlord IV,8.07,558,[Madhouse]
34076,Anime,Uchouten Kazoku 2,8.07,550,[P.A. Works]
135,Anime,Hikaru no Go,8.07,563,[Pierrot]
32282,Anime,Shokugeki no Souma: Ni no Sara,8.07,547,[J.C.Staff]
53887,Anime,Spy x Family Season 2,8.06,571,"[Wit Studio, CloverWorks]"
13759,Anime,Sakura-sou no Pet na Kanojo,8.06,582,[J.C.Staff]
36369,Anime,Ginga Eiyuu Densetsu: Die Neue These - Seiran 1,8.06,567,[Production I.G]
31251,Anime,Kidou Senshi Gundam: Tekketsu no Orphans,8.06,575,[Sunrise]
21419,Anime,Meitantei Conan Movie 18: Ijigen no Sniper,8.06,580,[TMS Entertainment]
35062,Anime,Mahoutsukai no Yome,8.06,578,[Wit Studio]
12189,Anime,Hyouka,8.06,569,[Kyoto Animation]
42941,Anime,Uma Musume: Pretty Derby Season 2,8.06,570,[Studio Kai]
22145,Anime,Kuroshitsuji: Book of Circus,8.06,576,[A-1 Pictures]
1367,Anime,Meitantei Conan Movie 08: Ginyoku no Magician,8.06,580,[TMS Entertainment]
1471,Anime,City Hunter 2,8.06,565,[Sunrise]
29755,Anime,Haikyuu!! Movie 1: Owari to Hajimari,8.05,595,[Production I.G]
6547,Anime,Angel Beats!,8.05,591,[P.A. Works]
11771,Anime,Kuroko no Basket,8.05,585,[Production I.G]
27833,Anime,Durarara!!x2 Ketsu,8.05,594,[Shuka]
4155,Anime,One Piece Film: Strong World,8.05,589,[Toei Animation]
4224,Anime,Toradora!,8.05,596,[J.C.Staff]
24277,Anime,Yowamushi Pedal: Grande Road,8.05,599,[TMS Entertainment]
40907,Anime,World Trigger 2nd Season,8.05,598,[Toei Animation]
1486,Anime,Kodomo no Omocha (TV),8.05,583,[Gallop]
19815,Anime,No Game No Life,8.05,588,[Madhouse]
49320,Anime,Meitantei Conan Movie 25: Halloween no Hanayome,8.05,587,[TMS Entertainment]
237,Anime,Koukyoushihen Eureka Seven,8.05,584,[Bones]
38668,Anime,Dorohedoro,8.05,593,[MAPPA]
2025,Anime,Darker than Black: Kuro no Keiyakusha,8.05,592,[Bones]
59571,Anime,Shingeki no Kyojin Movie: Kanketsu-hen - The Last Attack,8.04,601,[MAPPA]
56063,Anime,NieR:Automata Ver1.1a Part 2,8.04,603,[A-1 Pictures]
52107,Anime,Mononoke Movie: Karakasa,8.04,602,[EOTA]
31149,Anime,Persona 3 the Movie 4: Winter of Rebirth,8.04,606,[A-1 Pictures]
21557,Anime,Omoide no Marnie,8.04,604,[Studio Ghibli]
66,Anime,Azumanga Daiou The Animation,8.04,607,[J.C.Staff]
8425,Anime,Gosick,8.04,610,[Bones]
1943,Anime,Paprika,8.04,605,[Madhouse]
1559,Anime,Shijou Saikyou no Deshi Kenichi,8.04,601,[TMS Entertainment]
25013,Anime,Akatsuki no Yona,8.03,611,[Pierrot]
38993,Anime,Karakai Jouzu no Takagi-san 2,8.03,620,[Shin-Ei Animation]
2164,Anime,Dennou Coil,8.03,613,[Madhouse]
2034,Anime,Lovely★Complex,8.03,622,[Toei Animation]
1974,Anime,Glass no Kamen (2005),8.03,616,[Tokyo Movie Shinsha]
1506,Anime,Meitantei Conan Movie 10: Tantei-tachi no Requiem,8.03,626,[TMS Entertainment]
1363,Anime,Meitantei Conan Movie 04: Hitomi no Naka no Ansatsusha,8.03,625,[TMS Entertainment]
18679,Anime,Kill la Kill,8.03,621,[Trigger]
889,Anime,Black Lagoon,8.03,612,[Madhouse]
781,Anime,Meitantei Conan Movie 03: Seikimatsu no Majutsushi,8.03,624,[TMS Entertainment]
34822,Anime,Tsuki ga Kirei,8.03,617,[feel.]
41402,Anime,Mairimashita! Iruma-kun 2nd Season,8.03,623,[Bandai Namco Pictures]
53410,Anime,Yuru Camp△ Season 3,8.02,641,[8bit]
27989,Anime,Hibike! Euphonium,8.02,637,[Kyoto Animation]
72,Anime,Full Metal Panic? Fumoffu,8.02,635,[Kyoto Animation]
6045,Anime,Kimi ni Todoke,8.02,627,[Production I.G]
41781,Anime,BanG Dream! Movie: Episode of Roselia - II: Song I Am.,8.02,632,[SANZIGEN]
9204,Anime,Omae Umasou da na,8.02,630,[Ajia-do]
39783,Anime,5-toubun no Hanayome ∬,8.02,631,[Bibury Animation Studios]
589,Anime,Ginga Nagareboshi Gin,8.02,636,[Toei Animation]
57066,Anime,Dungeon ni Deai wo Motomeru no wa Machigatteiru Darou ka V: Houjou no Megami-hen,8.01,652,[J.C.Staff]
3783,Anime,Kara no Kyoukai Movie 3: Tsuukaku Zanryuu,8.01,648,[ufotable]
44235,Anime,Pui Pui Molcar,8.01,651,[Shin-Ei Animation]
5681,Anime,Summer Wars,8.01,645,[Madhouse]
42923,Anime,SK∞,8.01,643,[Bones]
14513,Anime,Magi: The Labyrinth of Magic,8.01,650,[A-1 Pictures]
16049,Anime,Toaru Kagaku no Railgun S,8.01,646,[J.C.Staff]
535,Anime,Slayers Next,8.01,644,[E&G Films]
49782,Anime,Shadows House 2nd Season,8.01,642,[CloverWorks]
153,Anime,Juuni Kokuki,8.01,647,[Pierrot]
50631,Anime,"Komi-san wa, Comyushou desu. 2nd Season",8.01,649,[OLM]
54791,Anime,Given Movie 2: Hiiragi Mix,8.0,660,[Lerche]
37870,Anime,BanG Dream! 3rd Season,8.0,654,[SANZIGEN]
9963,Anime,Meitantei Conan Movie 15: Chinmoku no Quarter,8.0,667,[TMS Entertainment]
27663,Anime,Baby Steps 2nd Season,8.0,653,[Pierrot]
6211,Anime,Tokyo Magnitude 8.0,8.0,661,"[Bones, Kinema Citrus]"
36456,Anime,Boku no Hero Academia 3rd Season,8.0,656,[Bones]
2759,Anime,Evangelion Movie 1: Jo,8.0,658,[Khara]
1914,Anime,Saiunkoku Monogatari 2nd Season,8.0,669,[Madhouse]
5365,Anime,Tsumiki no Ie,8.0,662,[Oh! Production]
1482,Anime,D.Gray-man,8.0,657,[TMS Entertainment]
1096,Anime,Kidou Keisatsu Patlabor 2 the Movie,8.0,665,[Production I.G]
48585,Anime,Black Clover: Mahou Tei no Ken,8.0,655,[Pierrot]
20,Anime,Naruto,8.0,668,[Pierrot]
7054,Anime,Kaichou wa Maid-sama!,8.0,664,[J.C.Staff]
14813,Anime,Yahari Ore no Seishun Love Comedy wa Machigatteiru.,8.0,663,[Brain's Base]
16706,Anime,Kami nomi zo Shiru Sekai: Megami-hen,7.99,670,[Manglobe]
14807,Anime,Kara no Kyoukai Movie: Mirai Fukuin,7.99,671,[ufotable]
40174,Anime,Zombieland Saga Revenge,7.99,678,[MAPPA]
2167,Anime,Clannad,7.99,674,[Kyoto Animation]
4789,Anime,ef: A Tale of Melodies.,7.99,675,[Shaft]
9656,Anime,Kimi ni Todoke 2nd Season,7.99,672,[Production I.G]
16,Anime,Hachimitsu to Clover,7.99,677,[J.C.Staff]
57554,Anime,Rurouni Kenshin: Meiji Kenkaku Romantan - Kyoto Douran,7.98,686,[LIDENFILMS]
39468,Anime,Honzuki no Gekokujou: Shisho ni Naru Tame ni wa Shudan wo Erandeiraremasen,7.98,691,[Ajia-do]
42250,Anime,Bungou Stray Dogs Wan!,7.98,688,"[Bones, Nomad]"
2004,Anime,Hanada Shounen-shi,7.98,690,[Madhouse]
1065,Anime,Touch,7.98,681,[Group TAC]
846,Anime,School Rumble Ni Gakki,7.98,679,[Studio Comet]
387,Anime,Haibane Renmei,7.98,689,[Radix]
35788,Anime,Shokugeki no Souma: San no Sara,7.98,680,[J.C.Staff]
34440,Anime,Code Geass: Hangyaku no Lelouch III - Oudou,7.97,694,[Sunrise]
23199,Anime,Durarara!!x2 Shou,7.97,696,[Shuka]
40716,Anime,Kakushigoto,7.97,701,[Ajia-do]
31173,Anime,Akagami no Shirayuki-hime 2nd Season,7.97,693,[Bones]
4672,Anime,Koukaku Kidoutai 2.0,7.97,701,[Production I.G]
861,Anime,xxxHOLiC,7.97,699,[Production I.G]
223,Anime,Dragon Ball,7.97,695,[Toei Animation]
51180,Anime,Youkoso Jitsuryoku Shijou Shugi no Kyoushitsu e 3rd Season,7.96,721,[Lerche]
7720,Anime,Ookiku Furikabutte: Natsu no Taikai-hen,7.96,704,[A-1 Pictures]
9996,Anime,Hyouge Mono,7.96,716,[Bee Train]
77,Anime,Mahou Shoujo Lyrical Nanoha A's,7.96,702,[Seven Arcs]
34376,Anime,Yuuki Yuuna wa Yuusha de Aru: Washio Sumi no Shou 3 - Yakusoku,7.96,722,[Studio Gokumi]
27831,Anime,Durarara!!x2 Ten,7.96,712,[Shuka]
40397,Anime,Maoujou de Oyasumi,7.96,703,[Doga Kobo]
30015,Anime,ReLIFE,7.96,706,[TMS Entertainment]
42916,Anime,Sword Art Online: Progressive Movie - Hoshi Naki Yoru no Aria,7.96,718,[A-1 Pictures]
7465,Anime,Eve no Jikan (Movie),7.96,712,[Studio Rikka]
32615,Anime,Youjo Senki,7.96,720,[Nut]
48411,Anime,Aria the Benedizione,7.96,709,[J.C.Staff]
967,Anime,Hokuto no Ken,7.96,715,[Toei Animation]
50346,Anime,Yofukashi no Uta,7.96,719,[LIDENFILMS]
269,Anime,Bleach,7.96,710,[Pierrot]
25879,Anime,Working!!!,7.95,724,[A-1 Pictures]
16067,Anime,Nagi no Asu kara,7.95,727,[P.A. Works]
5029,Anime,Major Movie: Yuujou no Winning Shot,7.95,726,[Xebec]
33970,Anime,Girls & Panzer: Saishuushou Part 1,7.95,732,[Actas]
39570,Anime,High Score Girl II,7.95,733,[J.C.Staff]
2890,Anime,Gake no Ue no Ponyo,7.95,731,[Studio Ghibli]
46422,Anime,Niehime to Kemono no Ou,7.95,728,[J.C.Staff]
996,Anime,Bishoujo Senshi Sailor Moon: Sailor Stars,7.95,730,[Toei Animation]
416,Anime,Kurenai no Buta,7.95,725,[Studio Ghibli]
56785,Anime,Meitantei Conan Movie 27: 100-man Dollar no Michishirube,7.94,751,[TMS Entertainment]
7222,Anime,Macross F Movie 2: Sayonara no Tsubasa,7.94,749,"[Satelight, 8bit]"
12477,Anime,Sakasama no Patema,7.94,754,"[Studio Rikka, Purple Cow Studio Japan]"
5678,Anime,Kobato.,7.94,748,[Madhouse]
33221,Anime,Kidou Senshi Gundam Thunderbolt: December Sky,7.94,746,[Sunrise]
17549,Anime,Non Non Biyori,7.94,752,[SILVER LINK.]
35790,Anime,Tate no Yuusha no Nariagari,7.94,739,[Kinema Citrus]
1530,Anime,Kanon (2006),7.94,744,[Kyoto Animation]
1089,Anime,Macross: Do You Remember Love?,7.94,750,[Tatsunoko Production]
20507,Anime,Noragami,7.94,753,[Bones]
543,Anime,Vampire Hunter D (2000),7.94,741,[Madhouse]
2154,Anime,Tekkon Kinkreet,7.94,740,[Studio 4°C]
2076,Anime,Kindaichi Shounen no Jikenbo,7.94,747,[Toei Animation]
38084,Anime,Fate/Grand Order: Zettai Majuu Sensen Babylonia,7.94,736,[CloverWorks]
39565,Anime,Boku no Hero Academia the Movie 2: Heroes:Rising,7.94,735,[Bones]
36949,Anime,Shokugeki no Souma: San no Sara - Tootsuki Ressha-hen,7.94,738,[J.C.Staff]
55310,Anime,Atarashii Joushi wa Do Tennen,7.93,760,[A-1 Pictures]
11239,Anime,Hidamari Sketch x Honeycomb,7.93,765,[Shaft]
31174,Anime,Osomatsu-san,7.93,760,[Pierrot]
10049,Anime,Nurarihyon no Mago: Sennen Makyou,7.93,758,[Studio Deen]
38080,Anime,Kono Oto Tomare!,7.93,756,[Platinum Vision]
10721,Anime,Mawaru Penguindrum,7.93,757,[Brain's Base]
33206,Anime,Kobayashi-san Chi no Maid Dragon,7.93,755,[Kyoto Animation]
793,Anime,xxxHOLiC Movie: Manatsu no Yoru no Yume,7.93,768,[Production I.G]
122,Anime,Full Moon wo Sagashite,7.93,764,[Studio Deen]
23777,Anime,Shingeki no Kyojin Movie 2: Jiyuu no Tsubasa,7.93,767,[Wit Studio]
35968,Anime,Wotaku ni Koi wa Muzukashii,7.93,768,[A-1 Pictures]
5682,Anime,Phantom: Requiem for the Phantom,7.92,776,[Bee Train]
2618,Anime,Takarajima,7.92,769,[Tokyo Movie Shinsha]
34100,Anime,Fate/kaleid liner Prisma☆Illya Movie: Sekka no Chikai,7.92,779,[SILVER LINK.]
38337,Anime,Gochuumon wa Usagi desu ka? Bloom,7.92,780,[Encourage Films]
41169,Anime,Love Live! Superstar!!,7.92,773,[Sunrise]
18179,Anime,Yowamushi Pedal,7.92,772,[TMS Entertainment]
658,Anime,Touhai Densetsu Akagi: Yami ni Maiorita Tensai,7.92,770,[Madhouse]
53499,Anime,Aikatsu! 10th Story: Mirai e no Starway (2023),7.91,783,[Bandai Namco Pictures]
53199,Anime,Kidou Senshi Gundam: Suisei no Majo Season 2,7.91,794,[Sunrise]
24997,Anime,Love Live! The School Idol Movie,7.91,799,[Sunrise]
11739,Anime,Kimi to Boku. 2,7.91,795,[J.C.Staff]
36702,Anime,Shingeki no Kyojin Season 2 Movie: Kakusei no Houkou,7.91,790,[Wit Studio]
37675,Anime,Overlord III,7.91,801,[Madhouse]
17265,Anime,Log Horizon,7.91,797,[Satelight]
34944,Anime,Bungou Stray Dogs: Dead Apple,7.91,784,[Bones]
27775,Anime,Plastic Memories,7.91,802,[Doga Kobo]
30279,Anime,Yuru Yuri San☆Hai!,7.91,793,[TYO Animations]
21647,Anime,Tamako Love Story,7.91,791,[Kyoto Animation]
73,Anime,Full Metal Panic! The Second Raid,7.91,788,[Kyoto Animation]
187,Anime,Initial D Third Stage,7.91,789,[Studio Deen]
50593,Anime,"Natsu e no Tunnel, Sayonara no Deguchi",7.91,799,[CLAP]
1470,Anime,City Hunter,7.91,785,[Sunrise]
28,Anime,Yakitate!! Japan,7.91,792,[Sunrise]
15,Anime,Eyeshield 21,7.91,786,[Gallop]
29803,Anime,Overlord,7.91,800,[Madhouse]
58059,Anime,Tsue to Tsurugi no Wistoria,7.9,822,"[Actas, Bandai Namco Pictures]"
57559,Anime,MF Ghost 2nd Season,7.9,808,[Felix Film]
56609,Anime,Kizumonogatari: Koyomi Vamp,7.9,805,[Shaft]
7062,Anime,Hidamari Sketch x ☆☆☆,7.9,817,[Shaft]
34437,Anime,Code Geass: Fukkatsu no Lelouch,7.9,813,[Sunrise]
35222,Anime,Gakuen Babysitters,7.9,816,[Brain's Base]
6774,Anime,Kuuchuu Buranko,7.9,805,[Toei Animation]
427,Anime,Kaleido Star,7.9,803,[Gonzo]
41782,Anime,BanG Dream! Movie: Poppin' Dream!,7.9,811,[SANZIGEN]
2829,Anime,Ie Naki Ko Remy,7.9,818,[Nippon Animation]
2761,Anime,Densetsu Kyojin Ideon: Hatsudou-hen,7.9,815,[Sunrise]
35848,Anime,Promare,7.9,810,[Trigger]
1695,Anime,Les Misérables: Shoujo Cosette,7.9,806,[Nippon Animation]
28297,Anime,Ore Monogatari!!,7.9,808,[Madhouse]
4106,Anime,Trigun: Badlands Rumble,7.9,821,[Madhouse]
48171,Anime,Summer Ghost,7.9,820,[Flat Studio]
532,Anime,Bishoujo Senshi Sailor Moon S,7.9,811,[Toei Animation]
32995,Anime,Yuri!!! on Ice,7.9,824,[MAPPA]
48580,Anime,Vanitas no Karte,7.9,823,[Bones]
55742,Anime,Mahoutsukai no Yome Season 2 Part 2,7.89,837,[Studio Kafka]
52976,Anime,Berserk: Ougon Jidai-hen - Memorial Edition,7.89,839,[Studio 4°C]
13331,Anime,Jormungand: Perfect Order,7.89,831,[White Fox]
37786,Anime,Yagate Kimi ni Naru,7.89,829,[TROYCA]
9289,Anime,Hanasaku Iroha,7.89,845,[P.A. Works]
85,Anime,Kidou Senshi Zeta Gundam,7.89,834,[Sunrise]
3907,Anime,Ginga Sengoku Gunyuuden Rai,7.89,844,[E&G Films]
31098,Anime,Ushio to Tora (TV) 2nd Season,7.89,827,"[MAPPA, Studio VOLN]"
3228,Anime,Zoku Sayonara Zetsubou Sensei,7.89,831,[Shaft]
27947,Anime,Lupin III (2015),7.89,836,[Telecom Animation Film]
7711,Anime,Karigurashi no Arrietty,7.89,832,[Studio Ghibli]
1088,Anime,Macross,7.89,836,[Tatsunoko Production]
790,Anime,Ergo Proxy,7.89,841,[Manglobe]
2450,Anime,Crayon Shin-chan Movie 09: Arashi wo Yobu Mouretsu! Otona Teikoku no Gyakushuu,7.89,841,[Shin-Ei Animation]
12815,Anime,Shirokuma Cafe,7.89,827,[Pierrot]
114,Anime,Sakigake!! Cromartie Koukou,7.89,839,[Production I.G]
24,Anime,School Rumble,7.89,826,[Studio Comet]
14075,Anime,Zetsuen no Tempest,7.89,829,[Bones]
12031,Anime,Kingdom,7.89,834,[Pierrot]
55153,Anime,Yuzuki-san Chi no Yonkyoudai.,7.88,858,[Shuka]
34438,Anime,Code Geass: Hangyaku no Lelouch I - Koudou,7.88,848,[Sunrise]
36028,Anime,Golden Kamuy,7.88,850,[Geno Studio]
35075,Anime,Hoozuki no Reitetsu 2nd Season,7.88,851,[Studio Deen]
20057,Anime,Space☆Dandy,7.88,854,[Bones]
3572,Anime,Macross F,7.88,860,[Satelight]
41462,Anime,BanG Dream! Film Live 2nd Stage,7.88,847,[SANZIGEN]
36563,Anime,Megalo Box,7.88,861,[TMS Entertainment]
38201,Anime,Osomatsu-san Movie,7.88,863,[Pierrot]
957,Anime,Saiunkoku Monogatari,7.88,863,[Madhouse]
780,Anime,Meitantei Conan Movie 02: 14-banme no Target,7.88,861,[TMS Entertainment]
42249,Anime,Tokyo Revengers,7.88,855,[LIDENFILMS]
31339,Anime,Drifters,7.88,848,[Hoods Entertainment]
54790,Anime,Undead Girl Murder Farce,7.87,886,[Lapin Track]
54118,Anime,IDOLiSH7 Movie: LIVE 4bit - BEYOND THE PERiOD,7.87,880,[Orange]
30952,Anime,New Initial D Movie: Legend 3 - Mugen,7.87,869,"[SANZIGEN, LIDENFILMS]"
31490,Anime,One Piece Film: Gold,7.87,872,[Toei Animation]
12113,Anime,Berserk: Ougon Jidai-hen II - Doldrey Kouryaku,7.87,872,[Studio 4°C]
16782,Anime,Kotonoha no Niwa,7.87,868,[CoMix Wave Films]
2828,Anime,Ie Naki Ko,7.87,880,"[Madhouse, TMS Entertainment]"
2159,Anime,Ookiku Furikabutte,7.87,870,[A-1 Pictures]
1594,Anime,Jigoku Shoujo Futakomori,7.87,865,[Studio Deen]
934,Anime,Higurashi no Naku Koro ni,7.87,880,[Studio Deen]
14353,Anime,Death Billiards,7.87,878,[Madhouse]
14719,Anime,JoJo no Kimyou na Bouken (TV),7.87,864,[David Production]
249,Anime,InuYasha,7.87,883,[Sunrise]
38408,Anime,Boku no Hero Academia 4th Season,7.87,875,[Bones]
2924,Anime,ef: A Tale of Memories.,7.87,879,[Shaft]
55855,Anime,Kuroshitsuji: Kishuku Gakkou-hen,7.86,896,[CloverWorks]
54968,Anime,Giji Harem,7.86,909,[Nomad]
54829,Anime,Urusei Yatsura (2022) 2nd Season,7.86,888,[David Production]
51680,Anime,Cool Doji Danshi,7.86,905,[Pierrot]
25517,Anime,Magic Kaito 1412,7.86,897,[A-1 Pictures]
38770,Anime,Meitantei Conan Movie 23: Konjou no Fist,7.86,899,[TMS Entertainment]
5680,Anime,K-On!,7.86,892,[Kyoto Animation]
4985,Anime,Mahou Shoujo Lyrical Nanoha: The Movie 1st,7.86,897,[Seven Arcs]
10080,Anime,Kami nomi zo Shiru Sekai II,7.86,892,[Manglobe]
34021,Anime,Lupin the IIIrd: Chikemuri no Ishikawa Goemon,7.86,897,[Telecom Animation Film]
2158,Anime,Terra e... (TV),7.86,886,"[Tokyo Kids, Minami Machi Bugyousho]"
6377,Anime,Zan Sayonara Zetsubou Sensei,7.86,892,[Shaft]
41389,Anime,Tonikaku Kawaii,7.86,886,[Seven Arcs]
3014,Anime,Ginga Eiyuu Densetsu: Waga Yuku wa Hoshi no Taikai,7.86,909,[Kitty Film Mitaka Studio]
779,Anime,Meitantei Conan Movie 01: Tokei Jikake no Matenrou,7.86,899,[TMS Entertainment]
2471,Anime,Doraemon (1979),7.86,906,[Shin-Ei Animation]
49828,Anime,Kidou Senshi Gundam: Suisei no Majo,7.86,894,[Sunrise]
322,Anime,Paradise Kiss,7.86,903,[Madhouse]
56894,Anime,Dragon Ball Daima,7.85,913,[Toei Animation]
37029,Anime,Hoozuki no Reitetsu 2nd Season: Sono Ni,7.85,917,[Studio Deen]
35798,Anime,Meitantei Conan Movie 22: Zero no Shikkounin,7.85,929,[TMS Entertainment]
30415,Anime,High☆Speed! Movie: Free! Starting Days,7.85,916,[Kyoto Animation]
18429,Anime,Lupin III vs. Meitantei Conan: The Movie,7.85,926,[TMS Entertainment]
35082,Anime,Hibike! Euphonium Movie 2: Todoketai Melody,7.85,914,[Kyoto Animation]
37435,Anime,Carole & Tuesday,7.85,911,[Bones]
2605,Anime,Sayonara Zetsubou Sensei,7.85,931,[Shaft]
7645,Anime,Heartcatch Precure!,7.85,913,[Toei Animation]
795,Anime,Oniisama e...,7.85,928,[Tezuka Productions]
31964,Anime,Boku no Hero Academia,7.85,911,[Bones]
3588,Anime,Soul Eater,7.85,918,[Bones]
35507,Anime,Youkoso Jitsuryoku Shijou Shugi no Kyoushitsu e,7.85,922,[Lerche]
42745,Anime,Machikado Mazoku: 2-choume,7.85,927,[J.C.Staff]
22,Anime,Tennis no Oujisama,7.85,919,[Trans Arts]
52505,Anime,Dark Gathering,7.84,940,[OLM]
6586,Anime,Yume-iro Pâtissière,7.84,946,[Studio Hibari]
20371,Anime,Sekaiichi Hatsukoi Movie: Yokozawa Takafumi no Baai,7.84,944,[Studio Deen]
31741,Anime,Magi: Sinbad no Bouken (TV),7.84,935,[Lay-duce]
569,Anime,Musekinin Kanchou Tylor,7.84,936,[Tatsunoko Production]
9513,Anime,Beelzebub,7.84,940,[Pierrot Plus]
1921,Anime,Urusei Yatsura 2: Beautiful Dreamer,7.84,945,[Pierrot]
48926,Anime,"Komi-san wa, Comyushou desu.",7.84,934,[OLM]
54918,Anime,Tokyo Revengers: Tenjiku-hen,7.83,952,[LIDENFILMS]
54724,Anime,Nige Jouzu no Wakagimi,7.83,961,[CloverWorks]
53287,Anime,Love Live! Superstar!! 3rd Season,7.83,959,[Sunrise]
52093,Anime,Trigun Stampede,7.83,953,[Orange]
34504,Anime,Seitokai Yakuindomo Movie,7.83,950,[GoHands]
14175,Anime,Hanasaku Iroha Movie: Home Sweet Home,7.83,966,[P.A. Works]
3604,Anime,Hidamari Sketch x 365,7.83,967,[Shaft]
6582,Anime,Tentai Senshi Sunred 2nd Season,7.83,951,[AIC ASTA]
4087,Anime,Michiko to Hatchin,7.83,960,[Manglobe]
39534,Anime,Jibaku Shounen Hanako-kun,7.83,956,[Lerche]
40615,Anime,Umibe no Étranger,7.83,955,[Studio Hibari]
15039,Anime,Ano Hi Mita Hana no Namae wo Bokutachi wa Mada Shiranai. Movie,7.83,962,[A-1 Pictures]
49889,Anime,Tsuki ga Michibiku Isekai Douchuu 2nd Season,7.83,955,[J.C.Staff]
400,Anime,Seihou Bukyou Outlaw Star,7.83,949,[Sunrise]
32998,Anime,91 Days,7.83,963,[Shuka]
50739,Anime,Otonari no Tenshi-sama ni Itsunomanika Dame Ningen ni Sareteita Ken,7.83,962,[Project No.9]
9941,Anime,Tiger & Bunny,7.83,952,[Sunrise]
36593,Anime,Hug tto! Precure,7.82,977,[Toei Animation]
32871,Anime,Kuroko no Basket Movie 3: Winter Cup - Tobira no Mukou,7.82,988,[Production I.G]
4280,Anime,Kara no Kyoukai Movie 4: Garan no Dou,7.82,986,[ufotable]
40956,Anime,Enen no Shouboutai: Ni no Shou,7.82,973,[David Production]
28881,Anime,New Initial D Movie: Legend 2 - Tousou,7.82,990,"[SANZIGEN, LIDENFILMS]"
23289,Anime,Gekkan Shoujo Nozaki-kun,7.82,974,[Doga Kobo]
40046,Anime,Id:Invaded,7.82,978,[NAZ]
1485,Anime,Akachan to Boku,7.82,969,[Pierrot]
39575,Anime,Somali to Mori no Kamisama,7.82,980,"[Satelight, HORNETS]"
17909,Anime,Uchouten Kazoku,7.82,983,[P.A. Works]
890,Anime,Yuusha-Ou GaoGaiGar,7.82,985,[Sunrise]
849,Anime,Suzumiya Haruhi no Yuuutsu,7.82,982,[Kyoto Animation]
48702,Anime,Dance Dance Danseur,7.82,971,[MAPPA]
48548,Anime,5-toubun no Hanayome Movie,7.82,968,[Bibury Animation Studios]
49784,Anime,Mairimashita! Iruma-kun 3rd Season,7.82,989,[Bandai Namco Pictures]
37765,Anime,Kidou Senshi Gundam: Senkou no Hathaway,7.82,987,[Sunrise]
50410,Anime,One Piece Film: Red,7.82,992,[Toei Animation]
9465,Anime,Break Blade Movie 4: Sanka no Chi,7.82,970,"[Production I.G, Xebec]"
56175,Anime,Oomuro-ke: Dear Sisters,7.81,996,"[Passione, Studio Lings]"
55813,Anime,Mashle: Shinkakusha Kouho Senbatsu Shiken-hen,7.81,994,[A-1 Pictures]
51716,Anime,Bishoujo Senshi Sailor Moon Cosmos Movie,7.81,999,"[Toei Animation, Studio Deen]"
12403,Anime,Yuru Yuri♪♪,7.81,1014,[Doga Kobo]
10521,Anime,Working'!!,7.81,1012,[A-1 Pictures]
31478,Anime,Bungou Stray Dogs,7.81,999,[Bones]
24921,Anime,Aoki Hagane no Arpeggio: Ars Nova Movie 2 - Cadenza,7.81,997,[SANZIGEN]
32093,Anime,Tanaka-kun wa Itsumo Kedaruge,7.81,1009,[SILVER LINK.]
11123,Anime,Sekaiichi Hatsukoi 2,7.81,1006,[Studio Deen]
48849,Anime,Sonny Boy,7.81,1009,[Madhouse]
33489,Anime,Little Witch Academia (TV),7.81,994,[Trigger]
48830,Anime,Free! Movie 5: The Final Stroke - Kouhen,7.81,1003,[Kyoto Animation]
2623,Anime,Flanders no Inu (Movie),7.81,1003,[Nippon Animation]
49785,Anime,Fairy Tail: 100-nen Quest,7.81,1002,[J.C.Staff]
12445,Anime,Tasogare Otome x Amnesia,7.81,1011,[SILVER LINK.]
388,Anime,Capeta,7.81,1000,[Studio Comet]
267,Anime,Gungrave,7.81,1005,[Madhouse]
23775,Anime,Shingeki no Kyojin Movie 1: Guren no Yumiya,7.81,1007,[Wit Studio]
34745,Anime,Mahoujin Guruguru (2017),7.8,1024,[Production I.G]
29830,Anime,Tamayura: Sotsugyou Shashin Part 3 - Akogare,7.8,1018,[TYO Animations]
19613,Anime,New Initial D Movie: Legend 1 - Kakusei,7.8,1026,"[SANZIGEN, LIDENFILMS]"
39195,Anime,Beastars,7.8,1030,[Orange]
40082,Anime,Lupin III: The First,7.8,1022,"[TMS Entertainment, Marza Animation Planet]"
23293,Anime,Lupin the IIIrd: Jigen Daisuke no Bohyou,7.8,1023,[Telecom Animation Film]
2397,Anime,Digimon Adventure: Bokura no War Game!,7.8,1035,[Toei Animation]
43439,Anime,Shadows House,7.8,1016,[CloverWorks]
2035,Anime,Eikoku Koi Monogatari Emma: Molders-hen,7.8,1037,[Ajia-do]
33190,Anime,Planetarian: Hoshi no Hito,7.8,1027,[David Production]
46352,Anime,Blue Period,7.8,1031,[Seven Arcs]
21185,Anime,Baby Steps,7.8,1029,[Pierrot]
28725,Anime,Kokoro ga Sakebitagatterunda.,7.8,1020,[A-1 Pictures]
28669,Anime,Go! Princess Precure,7.8,1038,[Toei Animation]
451,Anime,InuYasha Movie 3: Tenka Hadou no Ken,7.8,1041,[Sunrise]
966,Anime,Crayon Shin-chan,7.8,1034,[Shin-Ei Animation]
283,Anime,Akage no Anne,7.8,1028,[Nippon Animation]
253,Anime,Jungle wa Itsumo Hare nochi Guu,7.8,1019,[Shin-Ei Animation]
1472,Anime,City Hunter 3,7.8,1033,[Sunrise]
9724,Anime,Break Blade Movie 5: Shisen no Hate,7.8,1032,"[Production I.G, Xebec]"
1172,Anime,Slayers Try,7.8,1017,[E&G Films]
53126,Anime,Yamada-kun to Lv999 no Koi wo Suru,7.79,1056,[Madhouse]
31433,Anime,Ginga Eiyuu Densetsu: Die Neue These - Kaikou,7.79,1045,[Production I.G]
33280,Anime,Gochuumon wa Usagi desu ka?? Dear My Sister,7.79,1046,[production doA]
38850,Anime,Star☆Twinkle Precure: Hoshi no Uta ni Omoi wo Komete,7.79,1051,[Toei Animation]
12413,Anime,Jormungand,7.79,1058,[White Fox]
39938,Anime,Inu-Ou,7.79,1048,[Science SARU]
14349,Anime,Little Witch Academia,7.79,1061,[Trigger]
2762,Anime,Igano Kabamaru,7.79,1047,[Group TAC]
1366,Anime,Meitantei Conan Movie 07: Meikyuu no Crossroad,7.79,1064,[TMS Entertainment]
48896,Anime,Overlord Movie 3: Sei Oukoku-hen,7.79,1067,[Madhouse]
875,Anime,Mind Game,7.79,1065,[Studio 4°C]
15771,Anime,Saint☆Oniisan (Movie),7.79,1068,[A-1 Pictures]
22319,Anime,Tokyo Ghoul,7.79,1054,[Pierrot]
16870,Anime,The Last: Naruto the Movie,7.79,1053,[Pierrot]
202,Anime,Wolf's Rain,7.79,1055,[Bones]
45055,Anime,Taishou Otome Otogibanashi,7.79,1052,[SynergySP]
42091,Anime,Shingeki no Kyojin: Chronicle,7.79,1050,[Wit Studio]
54839,Anime,Yoru no Kurage wa Oyogenai,7.78,1089,[Doga Kobo]
10029,Anime,Coquelicot-zaka kara,7.78,1080,[Studio Ghibli]
95,Anime,Turn A Gundam,7.78,1088,[Sunrise]
34451,Anime,Kekkai Sensen & Beyond,7.78,1071,[Bones]
34375,Anime,Yuuki Yuuna wa Yuusha de Aru: Washio Sumi no Shou 2 - Tamashii,7.78,1090,[Studio Gokumi]
5310,Anime,Macross F Movie 1: Itsuwari no Utahime,7.78,1074,"[Satelight, 8bit]"
2273,Anime,Shin Kidou Senki Gundam Wing: Endless Waltz Tokubetsu-hen,7.78,1087,[Sunrise]
97,Anime,Last Exile,7.78,1073,[Gonzo]
1505,Anime,Meitantei Conan Movie 09: Suihei Senjou no Strategy,7.78,1075,[TMS Entertainment]
4447,Anime,Meitantei Conan Movie 12: Senritsu no Full Score,7.78,1076,[TMS Entertainment]
3545,Anime,Kochira Katsushikaku Kameari Kouenmae Hashutsujo,7.78,1072,[Gallop]
49220,Anime,Isekai Ojisan,7.78,1085,[Atelier Pontdarc]
570,Anime,Jin-Rou,7.78,1069,[Production I.G]
552,Anime,Digimon Adventure,7.78,1081,[Toei Animation]
49738,Anime,Heike Monogatari,7.78,1083,[Science SARU]
397,Anime,Seikai no Senki II,7.78,1086,[Sunrise]
468,Anime,Innocence,7.78,1084,[Production I.G]
52741,Anime,Undead Unluck,7.77,1092,[David Production]
20431,Anime,Hoozuki no Reitetsu,7.77,1107,[Wit Studio]
31592,Anime,Pokemon XY&Z,7.77,1098,[OLM]
9252,Anime,Break Blade Movie 3: Kyoujin no Ato,7.77,1103,"[Production I.G, Xebec]"
1425,Anime,Lupin III: Part II,7.77,1094,[Tokyo Movie Shinsha]
464,Anime,One Piece Movie 06: Omatsuri Danshaku to Himitsu no Shima,7.77,1097,[Toei Animation]
210,Anime,Ranma ½,7.77,1099,[Studio Deen]
1491,Anime,Ginga Tetsudou 999,7.77,1105,[Toei Animation]
40814,Anime,Seitokai Yakuindomo Movie 2,7.77,1091,[GoHands]
29787,Anime,Gochuumon wa Usagi desu ka??,7.77,1106,"[Kinema Citrus, White Fox]"
40935,Anime,Beastars 2nd Season,7.77,1102,[Orange]
54764,Anime,Madogiwa no Totto-chan,7.76,1130,[Shin-Ei Animation]
54112,Anime,Zom 100: Zombie ni Naru made ni Shitai 100 no Koto,7.76,1123,[BUG FILMS]
53747,Anime,Kimi no Iro,7.76,1126,[Science SARU]
52955,Anime,Mahoutsukai no Yome Season 2,7.76,1131,[Studio Kafka]
52305,Anime,Tomo-chan wa Onnanoko!,7.76,1120,[Lay-duce]
31733,Anime,Bishoujo Senshi Sailor Moon Crystal Season III,7.76,1109,[Toei Animation]
19111,Anime,Love Live! School Idol Project 2nd Season,7.76,1128,[Sunrise]
32870,Anime,Kuroko no Basket Movie 2: Winter Cup - Namida no Saki e,7.76,1127,[Production I.G]
80,Anime,Kidou Senshi Gundam,7.76,1125,[Sunrise]
3782,Anime,Kara no Kyoukai Movie 2: Satsujin Kousatsu (Zen),7.76,1124,[ufotable]
41674,Anime,Aria the Crepuscolo,7.76,1108,[J.C.Staff]
6033,Anime,Dragon Ball Kai,7.76,1111,[Toei Animation]
1824,Anime,Hadashi no Gen,7.76,1114,[Madhouse]
5005,Anime,Tentai Senshi Sunred,7.76,1117,[AIC ASTA]
35678,Anime,Hibike! Euphonium Movie 3: Chikai no Finale,7.76,1115,[Kyoto Animation]
30123,Anime,Akagami no Shirayuki-hime,7.76,1108,[Bones]
1254,Anime,Saint Seiya,7.76,1134,[Toei Animation]
39764,Anime,Meitantei Conan Movie 24: Hiiro no Dangan,7.76,1132,[TMS Entertainment]
13203,Anime,Lupin the Third: Mine Fujiko to Iu Onna,7.76,1129,[TMS Entertainment]
30727,Anime,Saenai Heroine no Sodatekata ♭,7.76,1133,[A-1 Pictures]
26,Anime,Texhnolyze,7.76,1118,[Madhouse]
56768,Anime,"Tadaima, Okaeri",7.75,1161,[Studio Deen]
54900,Anime,Wind Breaker,7.75,1163,[CloverWorks]
53129,Anime,Seishun Buta Yarou wa Odekake Sister no Yume wo Minai,7.75,1157,[CloverWorks]
41461,Anime,Date A Live IV,7.75,1151,[Geek Toys]
7588,Anime,Saraiya Goyou,7.75,1148,[Manglobe]
1887,Anime,Lucky☆Star,7.75,1141,[Kyoto Animation]
21877,Anime,High Score Girl,7.75,1155,[J.C.Staff]
20815,Anime,Sekaiichi Hatsukoi: Valentine-hen,7.75,1159,[Studio Deen]
1281,Anime,Gakkou no Kaidan,7.75,1153,[Pierrot]
3750,Anime,Maria-sama ga Miteru 4th,7.75,1143,[Studio Deen]
1092,Anime,Kidou Senshi Gundam III: Meguriai Sora-hen,7.75,1136,[Sunrise]
49776,Anime,Kumichou Musume to Sewagakari,7.75,1138,"[feel., Gaina]"
1473,Anime,City Hunter '91,7.75,1150,[Sunrise]
1279,Anime,Taiyou no Ko Esteban,7.75,1162,[Pierrot]
42670,Anime,Princess Connect! Re:Dive Season 2,7.75,1147,[CygamesPictures]
35073,Anime,Overlord II,7.75,1146,[Madhouse]
28999,Anime,Charlotte,7.75,1149,[P.A. Works]
54714,Anime,Kimi no Koto ga Daidaidaidaidaisuki na 100-nin no Kanojo,7.74,1170,[Bibury Animation Studios]
19319,Anime,Gundam Build Fighters,7.74,1189,[Sunrise]
32869,Anime,Kuroko no Basket Movie 1: Winter Cup - Kage to Hikari,7.74,1171,[Production I.G]
19489,Anime,Little Witch Academia: Mahoujikake no Parade,7.74,1171,[Trigger]
29829,Anime,Tamayura: Sotsugyou Shashin Part 2 - Hibiki,7.74,1166,[TYO Animations]
38400,Anime,Free! Movie 4: The Final Stroke - Zenpen,7.74,1184,[Kyoto Animation]
93,Anime,Kidou Senshi Gundam SEED,7.74,1169,[Sunrise]
40429,Anime,Bishoujo Senshi Sailor Moon Eternal Movie 2,7.74,1178,"[Toei Animation, Studio Deen]"
2508,Anime,Genshiken 2,7.74,1185,[Arms]
8142,Anime,Colorful (Movie),7.74,1179,"[Sunrise, Ascension]"
29095,Anime,Grisaia no Rakuen,7.74,1189,[8bit]
5630,Anime,Higashi no Eden,7.74,1190,[Production I.G]
5231,Anime,Inazuma Eleven,7.74,1191,[OLM]
1571,Anime,Ghost Hunt,7.74,1186,[J.C.Staff]
39940,Anime,Shokugeki no Souma: Shin no Sara,7.74,1165,[J.C.Staff]
3603,Anime,JoJo no Kimyou na Bouken: Phantom Blood,7.74,1168,[APPP]
47164,Anime,Dungeon ni Deai wo Motomeru no wa Machigatteiru Darou ka IV: Shin Shou - Meikyuu-hen,7.74,1181,[J.C.Staff]
17895,Anime,Golden Time,7.74,1187,[J.C.Staff]
530,Anime,Bishoujo Senshi Sailor Moon,7.74,1177,[Toei Animation]
35198,Anime,Free! Take Your Marks,7.74,1185,"[Kyoto Animation, Animation Do]"
41497,Anime,Fate/Grand Order: Shuukyoku Tokuiten - Kani Jikan Shinden Solomon,7.74,1182,[CloverWorks]
39196,Anime,Mairimashita! Iruma-kun,7.74,1173,[Bandai Namco Pictures]
32673,Anime,Udon no Kuni no Kiniro Kemari,7.74,1167,[LIDENFILMS]
51552,Anime,Watashi no Shiawase na Kekkon,7.73,1208,[Kinema Citrus]
37501,Anime,Hug tto! Precure♡Futari wa Precure Movie: All Stars Memories,7.73,1203,[Toei Animation]
37924,Anime,Ani ni Tsukeru Kusuri wa Nai! 2,7.73,1194,"[Fanworks, Imagineer]"
28479,Anime,Meitantei Conan Movie 19: Gouka no Himawari,7.73,1213,[TMS Entertainment]
39014,Anime,Free! Movie 3: Road to the World - Yume,7.73,1202,"[Kyoto Animation, Animation Do]"
40906,Anime,Dragon Quest: Dai no Daibouken (2020),7.73,1199,[Toei Animation]
8795,Anime,Panty & Stocking with Garterbelt,7.73,1215,[Gainax]
740,Anime,Bishoujo Senshi Sailor Moon R,7.73,1196,[Toei Animation]
407,Anime,Tantei Gakuen Q,7.73,1206,[Pierrot]
11001,Anime,Toshokan Sensou: Kakumei no Tsubasa,7.73,1207,[Production I.G]
11887,Anime,Kokoro Connect,7.73,1212,[SILVER LINK.]
154,Anime,Shaman King,7.73,1204,[Xebec]
10090,Anime,Koukaku Kidoutai: Stand Alone Complex - Solid State Society 3D,7.73,1213,[Production I.G]
1379,Anime,Kino no Tabi: The Beautiful World - Nanika wo Suru Tame ni - Life Goes On.,7.73,1210,[A.C.G.T.]
1818,Anime,Claymore,7.73,1198,[Madhouse]
25015,Anime,Kyoukai no Kanata Movie 1: I'll Be Here - Kako-hen,7.72,1221,[Kyoto Animation]
38145,Anime,"Doukyonin wa Hiza, Tokidoki, Atama no Ue.",7.72,1228,[Zero-G]
15809,Anime,Hataraku Maou-sama!,7.72,1230,[White Fox]
7724,Anime,Shiki,7.72,1233,[Daume]
4080,Anime,Kyou kara Maou! 3rd Series,7.72,1218,[Studio Deen]
43691,Anime,Kageki Shoujo!!,7.72,1217,[PINE JAM]
23249,Anime,Uchuu Senkan Yamato 2199: Hoshimeguru Hakobune,7.72,1237,[Xebec]
18153,Anime,Kyoukai no Kanata,7.72,1219,[Kyoto Animation]
1462,Anime,Memories,7.72,1222,"[Madhouse, Studio 4°C]"
709,Anime,Mujin Wakusei Survive,7.72,1224,"[Madhouse, Telecom Animation Film]"
597,Anime,Neko no Ongaeshi,7.72,1224,[Studio Ghibli]
534,Anime,Slayers,7.72,1234,[E&G Films]
531,Anime,Bishoujo Senshi Sailor Moon R: The Movie,7.72,1226,[Toei Animation]
479,Anime,Ueki no Housoku,7.72,1238,[Studio Deen]
353,Anime,Ojamajo Doremi Dokkaan!,7.72,1225,[Toei Animation]
50273,Anime,Tomodachi Game,7.72,1235,[Okuruto Noboru]
50586,Anime,Migi to Dali,7.72,1222,"[Geek Toys, CompTown]"
51995,Anime,Hibike! Euphonium: Ensemble Contest-hen,7.71,1265,[Kyoto Animation]
37442,Anime,Psycho-Pass: Sinners of the System Case.3 - Onshuu no Kanata ni＿＿,7.71,1251,[Production I.G]
10357,Anime,Jinrui wa Suitai Shimashita,7.71,1248,[AIC ASTA]
10218,Anime,Berserk: Ougon Jidai-hen I - Haou no Tamago,7.71,1256,[Studio 4°C]
31637,Anime,"Gate: Jieitai Kanochi nite, Kaku Tatakaeri Part 2",7.71,1264,[A-1 Pictures]
8311,Anime,Tegamibachi Reverse,7.71,1240,[Pierrot Plus]
9074,Anime,Arakawa Under the Bridge x Bridge,7.71,1254,[Shaft]
6024,Anime,Chi's Sweet Home: Atarashii Ouchi,7.71,1258,[Madhouse]
1562,Anime,Yamato Nadeshiko Shichihenge♥,7.71,1246,[Nippon Animation]
41780,Anime,BanG Dream! Movie: Episode of Roselia - I: Yakusoku,7.71,1255,[SANZIGEN]
43523,Anime,Tsuki ga Michibiku Isekai Douchuu,7.71,1242,[C2C]
38671,Anime,Enen no Shouboutai,7.71,1262,[David Production]
2753,Anime,Ushiro no Shoumen Daare,7.71,1244,[Mushi Production]
8687,Anime,Doraemon (2005),7.71,1261,[Shin-Ei Animation]
24893,Anime,Sidonia no Kishi: Daikyuu Wakusei Seneki,7.71,1239,[Polygon Pictures]
317,Anime,Final Fantasy VII: Advent Children,7.71,1263,[Square Enix Visual Works]
1293,Anime,Urusei Yatsura,7.71,1243,"[Pierrot, Studio Deen]"
12117,Anime,Meitantei Conan Movie 16: 11-ninme no Striker,7.7,1285,[TMS Entertainment]
38619,Anime,Joshikousei no Mudazukai,7.7,1280,[Passione]
5074,Anime,Tetsuwan Birdy Decode:02,7.7,1276,[A-1 Pictures]
14741,Anime,Chuunibyou demo Koi ga Shitai!,7.7,1271,[Kyoto Animation]
8514,Anime,Break Blade Movie 2: Ketsubetsu no Michi,7.7,1270,"[Production I.G, Xebec]"
42847,Anime,Ai no Utagoe wo Kikasete,7.7,1266,[J.C.Staff]
1211,Anime,Macross Plus Movie Edition,7.7,1284,[Triangle Staff]
49283,Anime,Bakuten!! Movie,7.7,1267,[Zexcs]
516,Anime,Keroro Gunsou,7.7,1281,[Sunrise]
22777,Anime,Dragon Ball Kai (2014),7.7,1272,[Toei Animation]
1375,Anime,Watashi no Ashinaga Ojisan,7.7,1278,[Nippon Animation]
21339,Anime,Psycho-Pass Movie,7.7,1290,[Production I.G]
40620,Anime,Uramichi Oniisan,7.7,1277,[Studio Blanc.]
57993,Anime,Oomuro-ke: Dear Friends,7.69,1298,"[Passione, Studio Lings]"
51536,Anime,The iDOLM@STER Cinderella Girls: U149,7.69,1313,[CygamesPictures]
36094,Anime,Hakumei to Mikochi,7.69,1308,[Lerche]
19703,Anime,Kyousou Giga (TV),7.69,1294,[Toei Animation]
33899,Anime,IDOLiSH7,7.69,1310,[TROYCA]
34428,Anime,Overlord Movie 2: Shikkoku no Eiyuu,7.69,1299,[Madhouse]
39619,Anime,BanG Dream! Film Live,7.69,1304,[SANZIGEN]